{"entities":{"pages":{"get-started":{"id":"get-started","title":"Get Started","url":"get-started.html","level":0,"tabIndex":0},"-kip7i8_1226":{"id":"-kip7i8_1226","title":"API Reference","url":"https://asmirnov-horis.github.io/lets-plot-docs/kotlin/api-reference","level":0,"tabIndex":1},"gallery":{"id":"gallery","title":"Gallery","url":"gallery.html","level":0,"tabIndex":2},"charts":{"id":"charts","title":"Charts","url":"charts.html","level":0,"tabIndex":3}}},"topLevelIds":["get-started","-kip7i8_1226","gallery","charts"]}